PMT_ID,First_Name,Last_Name,Email,Valid_Email,Valid_PMT
39759,A,X,A_X37tekpartners.com,Valid,Invalid
12142,B,Y,B_Y53tekpartners.com,Valid,Invalid
28106,C,Z,C_Z540tekpartners.com,Valid,Valid
29822,A,X,A_X390tekpartners.com,Valid,Valid
59359,A,Y,A_Y389tekpartners.com,Valid,Invalid
95784,B,Z,B_Z28tekpartners.com,Invalid,Invalid
32394,C,X,C_X851tekpartners.com,Valid,Invalid
4779,A,Y,A_Y478tekpartners.com,Invalid,Invalid
16307,A,Z,A_Z60tekpartners.com,Valid,Valid
11636,B,X,B_X236tekpartners.com,Invalid,Valid
23312,C,Y,C_Y808tekpartners.com,Invalid,Valid
11955,A,Z,A_Z558tekpartners.com,Invalid,Invalid
1233,A,X,A_X817tekpartners.com,Invalid,Valid
76290,B,Y,B_Y482tekpartners.com,Invalid,Valid
54619,C,Z,C_Z269tekpartners.com,Invalid,Invalid
87451,A,X,A_X454tekpartners.com,Invalid,Valid
68542,A,Y,A_Y593tekpartners.com,Valid,Invalid
92590,B,Z,B_Z822tekpartners.com,Invalid,Valid
19347,C,X,C_X401tekpartners.com,Invalid,Valid
60282,A,Y,A_Y888tekpartners.com,Invalid,Invalid
81350,A,Z,A_Z540tekpartners.com,Invalid,Valid
82569,B,X,B_X125tekpartners.com,Invalid,Valid
61283,C,Y,C_Y495tekpartners.com,Invalid,Invalid
30024,A,Z,A_Z376tekpartners.com,Invalid,Invalid
88922,A,X,A_X544tekpartners.com,Valid,Valid
73237,B,Y,B_Y730tekpartners.com,Valid,Valid
78510,C,Z,C_Z485tekpartners.com,Invalid,Valid
32732,A,X,A_X977tekpartners.com,Invalid,Invalid
83641,A,Y,A_Y520tekpartners.com,Valid,Invalid
23654,B,Z,B_Z515tekpartners.com,Valid,Valid
49522,C,X,C_X366tekpartners.com,Invalid,Invalid
79076,A,Y,A_Y17tekpartners.com,Invalid,Valid
3073,A,Z,A_Z519tekpartners.com,Valid,Valid
26400,B,X,B_X192tekpartners.com,Valid,Invalid
6198,C,Y,C_Y695tekpartners.com,Invalid,Valid
77180,A,Z,A_Z795tekpartners.com,Valid,Valid
29246,A,X,A_X774tekpartners.com,Invalid,Valid
21251,B,Y,B_Y43tekpartners.com,Valid,Valid
41497,C,Z,C_Z712tekpartners.com,Valid,Valid
43546,A,X,A_X392tekpartners.com,Valid,Valid
77779,A,Y,A_Y570tekpartners.com,Invalid,Invalid
62420,B,Z,B_Z500tekpartners.com,Valid,Valid
26991,C,X,C_X213tekpartners.com,Invalid,Invalid
15522,A,Y,A_Y776tekpartners.com,Invalid,Invalid
70710,A,Z,A_Z23tekpartners.com,Valid,Invalid
67707,B,X,B_X319tekpartners.com,Invalid,Invalid
56562,C,Y,C_Y520tekpartners.com,Valid,Invalid
36983,A,Z,A_Z155tekpartners.com,Invalid,Invalid
18040,A,X,A_X40tekpartners.com,Valid,Invalid
20507,B,Y,B_Y214tekpartners.com,Invalid,Valid
27790,C,Z,C_Z715tekpartners.com,Invalid,Valid
85250,A,X,A_X723tekpartners.com,Invalid,Invalid
51992,A,Y,A_Y161tekpartners.com,Invalid,Invalid
96732,B,Z,B_Z189tekpartners.com,Invalid,Invalid
29565,C,X,C_X236tekpartners.com,Invalid,Valid
3682,A,Y,A_Y948tekpartners.com,Invalid,Invalid
2889,A,Z,A_Z647tekpartners.com,Invalid,Invalid
66308,B,X,B_X379tekpartners.com,Valid,Invalid
99810,C,Y,C_Y730tekpartners.com,Valid,Invalid
36437,A,Z,A_Z216tekpartners.com,Invalid,Invalid
61832,A,X,A_X116tekpartners.com,Invalid,Valid
61624,B,Y,B_Y743tekpartners.com,Invalid,Invalid
74306,C,Z,C_Z191tekpartners.com,Invalid,Valid
18865,A,X,A_X149tekpartners.com,Valid,Invalid
36253,A,Y,A_Y889tekpartners.com,Invalid,Invalid
71102,B,Z,B_Z394tekpartners.com,Invalid,Valid
26467,C,X,C_X613tekpartners.com,Invalid,Valid
3967,A,Y,A_Y82tekpartners.com,Valid,Valid
61796,A,Z,A_Z389tekpartners.com,Invalid,Valid
50089,B,X,B_X473tekpartners.com,Valid,Valid
74751,C,Y,C_Y916tekpartners.com,Invalid,Valid
76204,A,Z,A_Z910tekpartners.com,Invalid,Valid
32250,A,X,A_X899tekpartners.com,Invalid,Invalid
75349,B,Y,B_Y371tekpartners.com,Valid,Valid
6209,C,Z,C_Z262tekpartners.com,Invalid,Valid
25967,A,X,A_X918tekpartners.com,Valid,Valid
56300,A,Y,A_Y465tekpartners.com,Invalid,Invalid
87138,B,Z,B_Z252tekpartners.com,Valid,Invalid
78959,C,X,C_X686tekpartners.com,Valid,Valid
13152,A,Y,A_Y891tekpartners.com,Invalid,Invalid
27806,A,Z,A_Z721tekpartners.com,Valid,Valid
40622,B,X,B_X101tekpartners.com,Valid,Valid
42732,C,Y,C_Y985tekpartners.com,Invalid,Valid
32696,A,Z,A_Z378tekpartners.com,Valid,Valid
59964,A,X,A_X379tekpartners.com,Invalid,Invalid
93378,B,Y,B_Y688tekpartners.com,Invalid,Valid
69640,C,Z,C_Z480tekpartners.com,Invalid,Valid
61660,A,X,A_X830tekpartners.com,Valid,Invalid
44681,A,Y,A_Y177tekpartners.com,Valid,Invalid
91756,B,Z,B_Z825tekpartners.com,Invalid,Invalid
99190,C,X,C_X633tekpartners.com,Invalid,Valid
9768,A,Y,A_Y696tekpartners.com,Valid,Valid
51282,A,Z,A_Z297tekpartners.com,Valid,Invalid
18833,B,X,B_X469tekpartners.com,Valid,Valid
38522,C,Y,C_Y588tekpartners.com,Valid,Invalid
65576,A,Z,A_Z560tekpartners.com,Valid,Valid
9470,A,X,A_X695tekpartners.com,Valid,Valid
37080,B,Y,B_Y816tekpartners.com,Invalid,Invalid
64643,C,Z,C_Z482tekpartners.com,Invalid,Invalid
43992,A,X,A_X910tekpartners.com,Invalid,Valid
87497,A,Y,A_Y366tekpartners.com,Valid,Valid
57998,B,Z,B_Z483tekpartners.com,Valid,Invalid
83747,C,X,C_X111tekpartners.com,Invalid,Valid
16873,A,Y,A_Y832tekpartners.com,Valid,Invalid
96858,A,Z,B_X591tekpartners.com,Invalid,Invalid
31257,B,X,C_Y316tekpartners.com,Valid,Invalid
50461,C,Y,A_Z165tekpartners.com,Invalid,Valid
67675,A,Z,A_X731tekpartners.com,Valid,Valid
12302,A,X,B_Y722tekpartners.com,Valid,Valid
78445,B,Y,C_Z294tekpartners.com,Invalid,Valid
6155,C,Z,A_X666tekpartners.com,Invalid,Invalid
79144,A,X,A_Y530tekpartners.com,Invalid,Valid
14422,A,Y,B_Z820tekpartners.com,Invalid,Invalid
35440,B,Z,C_X862tekpartners.com,Valid,Invalid
24066,C,X,A_Y793tekpartners.com,Invalid,Valid
89757,A,Y,A_Z121tekpartners.com,Valid,Valid
5948,A,Z,B_X580tekpartners.com,Invalid,Invalid
93151,B,X,C_Y603tekpartners.com,Invalid,Valid
96569,C,Y,A_Z28tekpartners.com,Invalid,Valid
75592,A,Z,A_X806tekpartners.com,Valid,Valid
46251,A,X,B_Y136tekpartners.com,Valid,Invalid
57986,B,Y,C_Z111tekpartners.com,Valid,Valid
94746,C,Z,A_X519tekpartners.com,Invalid,Valid
13037,A,X,A_Y116tekpartners.com,Invalid,Invalid
69984,A,Y,B_Z780tekpartners.com,Invalid,Invalid
31812,B,Z,C_X380tekpartners.com,Valid,Invalid
63302,C,X,A_Y77tekpartners.com,Invalid,Invalid
25582,A,Y,A_Z816tekpartners.com,Invalid,Valid
21892,A,Z,B_X995tekpartners.com,Valid,Valid
25540,B,X,C_Y547tekpartners.com,Valid,Valid
37935,C,Y,A_Z55tekpartners.com,Valid,Valid
74718,A,Z,A_X33tekpartners.com,Valid,Valid
34587,A,X,B_Y293tekpartners.com,Invalid,Invalid
84771,B,Y,C_Z507tekpartners.com,Valid,Valid
72222,C,Z,A_X644tekpartners.com,Valid,Invalid
3906,A,X,A_Y708tekpartners.com,Valid,Invalid
19816,A,Y,B_Z124tekpartners.com,Invalid,Valid
90873,B,Z,C_X533tekpartners.com,Invalid,Invalid
14757,C,X,A_Y364tekpartners.com,Valid,Invalid
72747,A,Y,A_Z651tekpartners.com,Valid,Invalid
48124,A,Z,B_X604tekpartners.com,Invalid,Valid
20093,B,X,C_Y652tekpartners.com,Valid,Invalid
71622,C,Y,A_Z657tekpartners.com,Invalid,Invalid
60649,A,Z,A_X657tekpartners.com,Valid,Invalid
13234,A,X,B_Y167tekpartners.com,Valid,Invalid
84729,B,Y,C_Z542tekpartners.com,Valid,Valid
42574,C,Z,A_X469tekpartners.com,Invalid,Invalid
73623,A,X,A_Y792tekpartners.com,Valid,Valid
98229,A,Y,B_Z758tekpartners.com,Valid,Valid
5229,B,Z,C_X337tekpartners.com,Valid,Invalid
26251,C,X,A_Y538tekpartners.com,Valid,Invalid
38231,A,Y,A_Z546tekpartners.com,Valid,Valid
9776,A,Z,B_X587tekpartners.com,Valid,Valid
17812,B,X,C_Y308tekpartners.com,Invalid,Valid
12582,C,Y,A_Z506tekpartners.com,Valid,Invalid
82425,A,Z,A_X194tekpartners.com,Valid,Valid
14739,A,X,B_Y380tekpartners.com,Valid,Invalid
71728,B,Y,C_Z418tekpartners.com,Valid,Valid
15043,C,Z,A_X719tekpartners.com,Invalid,Valid
42203,A,X,A_Y451tekpartners.com,Valid,Valid
38273,A,Y,B_Z31tekpartners.com,Invalid,Valid
33978,B,Z,C_X307tekpartners.com,Invalid,Valid
92418,C,X,A_Y799tekpartners.com,Invalid,Invalid
80836,A,Y,A_Z354tekpartners.com,Valid,Valid
33546,A,Z,B_X862tekpartners.com,Invalid,Valid
43459,B,X,C_Y442tekpartners.com,Valid,Invalid
30648,C,Y,A_Z81tekpartners.com,Valid,Invalid
84275,A,Z,A_X446tekpartners.com,Invalid,Invalid
83021,A,X,B_Y596tekpartners.com,Valid,Invalid
24512,B,Y,C_Z397tekpartners.com,Valid,Valid
15782,C,Z,A_X124tekpartners.com,Invalid,Invalid
95391,A,X,A_Y638tekpartners.com,Valid,Invalid
65820,A,Y,B_Z128tekpartners.com,Invalid,Valid
34689,B,Z,C_X871tekpartners.com,Invalid,Valid
82714,C,X,A_Y253tekpartners.com,Invalid,Invalid
36515,A,Y,A_Z907tekpartners.com,Valid,Valid
76406,A,Z,B_X650tekpartners.com,Invalid,Valid
80034,B,X,C_Y709tekpartners.com,Valid,Invalid
54446,C,Y,A_Z0tekpartners.com,Invalid,Valid
81589,A,Z,A_X937tekpartners.com,Invalid,Invalid
47028,A,X,B_Y919tekpartners.com,Valid,Valid
47781,B,Y,C_Z828tekpartners.com,Invalid,Valid
29640,C,Z,A_X15tekpartners.com,Invalid,Valid
6086,A,X,A_Y293tekpartners.com,Valid,Invalid
67876,A,Y,B_Z291tekpartners.com,Valid,Valid
83467,B,Z,C_X523tekpartners.com,Invalid,Invalid
9857,C,X,A_Y809tekpartners.com,Valid,Invalid
8033,A,Y,A_Z41tekpartners.com,Invalid,Valid
50108,A,Z,B_X182tekpartners.com,Valid,Invalid
64205,B,X,C_Y902tekpartners.com,Valid,Invalid
58756,C,Y,A_Z570tekpartners.com,Valid,Valid
40245,A,Z,A_X690tekpartners.com,Valid,Invalid
68220,A,X,B_Y126tekpartners.com,Valid,Valid
23783,B,Y,C_Z847tekpartners.com,Invalid,Valid
47200,C,Z,A_X479tekpartners.com,Invalid,Invalid
77353,A,X,A_Y212tekpartners.com,Valid,Valid
97872,A,Y,B_Z533tekpartners.com,Valid,Invalid
10505,B,Z,C_X982tekpartners.com,Valid,Invalid
61956,C,X,A_Y546tekpartners.com,Invalid,Valid
48671,A,Y,A_Z814tekpartners.com,Valid,Invalid
55605,A,Z,B_X935tekpartners.com,Valid,Invalid
48493,B,X,C_Y33tekpartners.com,Valid,Valid
53456,C,Y,A_Z948tekpartners.com,Valid,Valid
80084,A,Z,A_X707tekpartners.com,Invalid,Invalid
13019,A,X,B_Y78tekpartners.com,Valid,Valid
6831,B,Y,C_Z313tekpartners.com,Valid,Valid
89759,C,Z,A_X159tekpartners.com,Invalid,Invalid
13805,A,X,A_Y916tekpartners.com,Valid,Invalid
52746,A,Y,B_Z159tekpartners.com,Invalid,Valid
59018,B,Z,C_X898tekpartners.com,Invalid,Invalid
45104,C,X,A_Y860tekpartners.com,Invalid,Valid
1900,A,Y,A_Z766tekpartners.com,Valid,Valid
56985,A,Z,B_X529tekpartners.com,Valid,Invalid
32431,B,X,C_Y75tekpartners.com,Valid,Valid
40919,C,Y,A_Z337tekpartners.com,Invalid,Invalid
25032,A,Z,A_X263tekpartners.com,Valid,Invalid
10403,A,X,B_Y251tekpartners.com,Invalid,Invalid
23230,B,Y,C_Z544tekpartners.com,Valid,Invalid
37728,C,Z,A_X127tekpartners.com,Valid,Invalid
73301,A,X,A_Y839tekpartners.com,Invalid,Invalid
11155,A,Y,B_Z804tekpartners.com,Invalid,Invalid
19180,B,Z,C_X876tekpartners.com,Invalid,Invalid
67403,C,X,A_Y680tekpartners.com,Invalid,Invalid
31919,A,Y,A_Z434tekpartners.com,Valid,Invalid
83832,A,Z,B_X97tekpartners.com,Valid,Valid
64068,B,X,C_Y927tekpartners.com,Invalid,Valid
97923,C,Y,A_Z669tekpartners.com,Invalid,Valid
20553,A,Z,A_X598tekpartners.com,Invalid,Valid
3653,A,X,B_Y173tekpartners.com,Invalid,Invalid
18470,B,Y,C_Z400tekpartners.com,Invalid,Invalid
82779,C,Z,A_X834tekpartners.com,Invalid,Invalid
19527,A,X,A_Y904tekpartners.com,Valid,Invalid
39962,A,Y,B_Z554tekpartners.com,Valid,Valid
22156,B,Z,C_X674tekpartners.com,Valid,Invalid
3268,C,X,A_Y876tekpartners.com,Invalid,Invalid
71918,A,Y,A_Z67tekpartners.com,Valid,Invalid
68886,A,Z,B_X871tekpartners.com,Valid,Valid
58061,B,X,C_Y222tekpartners.com,Invalid,Valid
94230,C,Y,A_Z369tekpartners.com,Valid,Valid
95338,A,Z,A_X971tekpartners.com,Valid,Invalid
18000,A,X,B_Y423tekpartners.com,Invalid,Valid
74506,B,Y,C_Z817tekpartners.com,Valid,Valid
7112,C,Z,A_X444tekpartners.com,Invalid,Invalid
98724,A,X,A_Y445tekpartners.com,Invalid,Valid
36332,A,Y,B_Z459tekpartners.com,Invalid,Invalid
24516,B,Z,C_X677tekpartners.com,Valid,Invalid
61453,C,X,A_Y582tekpartners.com,Invalid,Invalid
890,A,Y,A_Z328tekpartners.com,Invalid,Invalid
22506,A,Z,B_X897tekpartners.com,Invalid,Invalid
73921,B,X,C_Y954tekpartners.com,Invalid,Valid
97062,C,Y,A_Z952tekpartners.com,Invalid,Valid
13049,A,Z,A_X318tekpartners.com,Invalid,Invalid
26647,A,X,B_Y201tekpartners.com,Valid,Invalid
75909,B,Y,C_Z556tekpartners.com,Invalid,Invalid
62921,C,Z,A_X437tekpartners.com,Valid,Invalid
90423,A,X,A_Y781tekpartners.com,Valid,Invalid
96828,A,Y,B_Z694tekpartners.com,Invalid,Invalid
92467,B,Z,C_X411tekpartners.com,Invalid,Invalid
23421,C,X,A_Y284tekpartners.com,Valid,Invalid
107,A,Y,A_Z353tekpartners.com,Valid,Valid
27879,A,Z,B_X77tekpartners.com,Valid,Invalid
7386,B,X,C_Y726tekpartners.com,Invalid,Valid
28153,C,Y,A_Z421tekpartners.com,Valid,Invalid
21404,A,Z,A_X324tekpartners.com,Invalid,Invalid
38803,A,X,B_Y440tekpartners.com,Invalid,Valid
93744,B,Y,C_Z732tekpartners.com,Invalid,Valid
67264,C,Z,A_X480tekpartners.com,Invalid,Invalid
21632,A,X,A_Y729tekpartners.com,Invalid,Invalid
5784,A,Y,B_Z999tekpartners.com,Valid,Valid
59932,B,Z,C_X648tekpartners.com,Invalid,Valid
99248,C,X,A_Y152tekpartners.com,Invalid,Valid
28731,A,Y,A_Z744tekpartners.com,Invalid,Invalid
84057,A,Z,B_X653tekpartners.com,Valid,Valid
38043,B,X,C_Y21tekpartners.com,Invalid,Invalid
87988,C,Y,A_Z125tekpartners.com,Invalid,Invalid
60807,A,Z,A_X931tekpartners.com,Valid,Valid
37081,A,X,B_Y952tekpartners.com,Valid,Invalid
21962,B,Y,C_Z685tekpartners.com,Invalid,Invalid
73835,C,Z,A_X555tekpartners.com,Invalid,Invalid
10633,A,X,A_Y564tekpartners.com,Valid,Invalid
51710,A,Y,B_Z501tekpartners.com,Invalid,Valid
9745,B,Z,C_X239tekpartners.com,Invalid,Valid
74371,C,X,A_Y157tekpartners.com,Valid,Valid
64542,A,Y,A_Z127tekpartners.com,Invalid,Valid
59179,A,Z,B_X61tekpartners.com,Valid,Invalid
57031,B,X,A_Z770tekpartners.com,Valid,Invalid
34162,C,Y,A_X173tekpartners.com,Valid,Valid
23625,A,Z,B_Y760tekpartners.com,Valid,Invalid
80156,A,X,C_Z519tekpartners.com,Invalid,Valid
9035,B,Y,A_X172tekpartners.com,Invalid,Valid
55707,C,Z,B_Z478tekpartners.com,Invalid,Invalid
14596,A,X,C_X822tekpartners.com,Valid,Invalid
79383,A,Y,A_Y900tekpartners.com,Invalid,Invalid
70395,B,Z,A_Z563tekpartners.com,Invalid,Valid
15188,C,X,B_X911tekpartners.com,Valid,Valid
22010,A,Y,C_Y630tekpartners.com,Valid,Valid
84804,A,Z,A_Z195tekpartners.com,Valid,Valid
50046,B,X,A_X175tekpartners.com,Valid,Invalid
12427,C,Y,B_Y428tekpartners.com,Invalid,Valid
22220,A,Z,C_Z123tekpartners.com,Valid,Valid
47324,A,X,A_X181tekpartners.com,Invalid,Valid
47722,B,Y,A_Y33tekpartners.com,Valid,Valid
36240,C,Z,B_Z647tekpartners.com,Invalid,Valid
2472,A,X,C_X896tekpartners.com,Valid,Valid
54450,A,Y,A_Y418tekpartners.com,Valid,Invalid
51284,B,Z,A_Z828tekpartners.com,Invalid,Invalid
6637,C,X,B_X986tekpartners.com,Invalid,Valid
98836,A,Y,C_Y73tekpartners.com,Invalid,Invalid
51092,A,Z,A_X467tekpartners.com,Valid,Valid
79627,B,X,B_Y867tekpartners.com,Invalid,Valid
76653,C,Y,C_Z350tekpartners.com,Invalid,Invalid
10820,A,Z,A_X951tekpartners.com,Invalid,Invalid
75930,A,X,A_Y467tekpartners.com,Valid,Valid
6451,B,Y,B_Z187tekpartners.com,Invalid,Invalid
56330,C,Z,C_X854tekpartners.com,Valid,Invalid
97596,A,X,A_Y977tekpartners.com,Valid,Invalid
95094,A,Y,A_Z478tekpartners.com,Valid,Valid
94455,B,Z,B_X725tekpartners.com,Invalid,Invalid
63174,C,X,C_Y717tekpartners.com,Invalid,Invalid
63064,A,Y,A_Z938tekpartners.com,Valid,Valid
28577,A,Z,A_X346tekpartners.com,Valid,Invalid
70711,B,X,B_Y550tekpartners.com,Valid,Invalid
79890,C,Y,C_Z953tekpartners.com,Invalid,Invalid
20130,A,Z,A_X581tekpartners.com,Invalid,Invalid
36352,A,X,A_Y573tekpartners.com,Invalid,Invalid
33013,B,Y,B_Z181tekpartners.com,Valid,Invalid
78052,C,Z,C_X99tekpartners.com,Valid,Invalid
7083,A,X,A_Y91tekpartners.com,Valid,Invalid
8480,A,Y,A_Z544tekpartners.com,Valid,Invalid
33237,B,Z,C_Y62tekpartners.com,Invalid,Invalid
46764,C,X,A_Z197tekpartners.com,Valid,Valid
49475,A,Y,A_X789tekpartners.com,Invalid,Invalid
63655,A,Z,B_Y529tekpartners.com,Invalid,Valid
7931,B,X,C_Z363tekpartners.com,Invalid,Valid
63877,C,Y,A_X981tekpartners.com,Invalid,Valid
54913,A,Z,A_Y734tekpartners.com,Invalid,Valid
19651,A,X,B_Z960tekpartners.com,Valid,Valid
30338,B,Y,C_X93tekpartners.com,Invalid,Invalid
80661,C,Z,A_Y262tekpartners.com,Valid,Valid
82071,A,X,A_Z873tekpartners.com,Valid,Invalid
85485,A,Y,B_X121tekpartners.com,Invalid,Invalid
86941,B,Z,C_Y816tekpartners.com,Valid,Valid
51815,C,X,A_Z259tekpartners.com,Invalid,Invalid
67197,A,Y,A_X411tekpartners.com,Valid,Valid
89633,A,Z,B_Y81tekpartners.com,Invalid,Valid
69024,B,X,C_Z316tekpartners.com,Valid,Invalid
42151,C,Y,A_X458tekpartners.com,Invalid,Valid
27532,A,Z,A_Y341tekpartners.com,Invalid,Valid
68768,A,X,B_Z757tekpartners.com,Valid,Invalid
61891,B,Y,C_X344tekpartners.com,Invalid,Valid
15944,C,Z,A_Y317tekpartners.com,Valid,Valid
85602,A,X,A_Z955tekpartners.com,Invalid,Valid
92303,A,Y,B_X231tekpartners.com,Valid,Invalid
99715,B,Z,C_Y325tekpartners.com,Invalid,Invalid
3462,C,X,A_X965tekpartners.com,Invalid,Invalid
54625,A,Y,B_Y910tekpartners.com,Valid,Invalid
23535,A,Z,C_Z385tekpartners.com,Invalid,Valid
68598,B,X,A_X252tekpartners.com,Valid,Invalid
33848,C,Y,A_Y359tekpartners.com,Invalid,Invalid
89702,A,Z,B_Z105tekpartners.com,Valid,Valid
63149,A,X,C_X393tekpartners.com,Invalid,Invalid
82453,B,Y,A_Y439tekpartners.com,Valid,Valid
11773,C,Z,A_Z807tekpartners.com,Invalid,Invalid
72618,A,X,B_X628tekpartners.com,Valid,Invalid
78605,A,Y,C_Y78tekpartners.com,Invalid,Invalid
25757,B,Z,A_Z463tekpartners.com,Valid,Valid
48871,C,X,A_X162tekpartners.com,Valid,Invalid
25693,A,Y,B_Y887tekpartners.com,Valid,Valid
59539,A,Z,C_Z192tekpartners.com,Invalid,Valid
40456,B,X,A_X560tekpartners.com,Invalid,Invalid
50511,C,Y,A_Y141tekpartners.com,Valid,Invalid
54967,A,Z,B_Z130tekpartners.com,Invalid,Valid
96997,A,X,C_X991tekpartners.com,Valid,Invalid
29147,B,Y,A_Y330tekpartners.com,Invalid,Invalid
50281,C,Z,A_Z802tekpartners.com,Valid,Valid
67267,A,X,B_X631tekpartners.com,Invalid,Invalid
29953,A,Y,C_Y754tekpartners.com,Invalid,Valid
44730,B,Z,A_Z154tekpartners.com,Invalid,Invalid
29844,C,X,A_X680tekpartners.com,Valid,Valid
92146,A,Y,B_Y620tekpartners.com,Invalid,Valid
80841,A,Z,C_Z910tekpartners.com,Invalid,Valid
922,B,X,A_X500tekpartners.com,Valid,Invalid
25944,C,Y,A_Y149tekpartners.com,Valid,Valid
88293,A,Z,C_X942tekpartners.com,Invalid,Invalid
86306,A,X,A_Y179tekpartners.com,Valid,Invalid
71486,B,Y,A_Z569tekpartners.com,Invalid,Invalid
86180,C,Z,B_X705tekpartners.com,Valid,Invalid
11627,A,X,C_Y283tekpartners.com,Invalid,Valid
76666,A,Y,A_Z257tekpartners.com,Valid,Valid
85267,B,Z,A_X154tekpartners.com,Valid,Valid
18492,C,X,B_Y100tekpartners.com,Invalid,Valid
77318,A,Y,C_Z419tekpartners.com,Valid,Invalid
41607,A,Z,A_X655tekpartners.com,Invalid,Valid
15340,B,X,A_Y646tekpartners.com,Valid,Invalid
71359,C,Y,B_Z109tekpartners.com,Invalid,Valid
60480,A,Z,C_X532tekpartners.com,Valid,Valid
42438,A,X,A_Y983tekpartners.com,Invalid,Valid
539,B,Y,A_Z309tekpartners.com,Invalid,Invalid
5082,C,Z,B_X963tekpartners.com,Invalid,Valid
46676,A,X,C_Y998tekpartners.com,Invalid,Valid
92943,A,Y,A_Z855tekpartners.com,Invalid,Valid
58989,B,Z,A_X378tekpartners.com,Invalid,Valid
42889,C,X,C_Z765tekpartners.com,Invalid,Valid
91601,A,Y,A_X928tekpartners.com,Invalid,Invalid
40343,A,Z,A_Y974tekpartners.com,Invalid,Valid
13071,B,X,B_Z214tekpartners.com,Valid,Invalid
1205,C,Y,C_X988tekpartners.com,Valid,Valid
57728,A,Z,A_Y8tekpartners.com,Invalid,Valid
1467,A,X,B_X946tekpartners.com,Valid,Invalid
92414,B,Y,C_Y230tekpartners.com,Invalid,Valid
99631,C,Z,A_Z559tekpartners.com,Valid,Valid
78023,A,X,A_X466tekpartners.com,Valid,Invalid
39584,A,Y,B_Y654tekpartners.com,Invalid,Valid
18497,B,Z,C_Z791tekpartners.com,Invalid,Invalid
96970,C,X,A_X62tekpartners.com,Valid,Valid
79339,A,Y,A_Y382tekpartners.com,Valid,Valid
90232,A,Z,B_Z815tekpartners.com,Invalid,Valid
35380,B,X,C_X783tekpartners.com,Invalid,Valid
958,C,Y,A_Y273tekpartners.com,Invalid,Valid
94385,A,Z,A_Z743tekpartners.com,Valid,Valid
26916,A,X,B_X719tekpartners.com,Invalid,Invalid
17063,B,Y,C_Y250tekpartners.com,Invalid,Valid
84940,C,Z,A_Z591tekpartners.com,Valid,Invalid
930,A,X,A_X209tekpartners.com,Invalid,Valid
78816,A,Y,B_Y193tekpartners.com,Valid,Valid
71058,B,Z,C_Z136tekpartners.com,Invalid,Invalid
14349,C,X,A_X853tekpartners.com,Valid,Invalid
3280,A,Y,A_Y757tekpartners.com,Valid,Valid
71174,A,Z,B_Z217tekpartners.com,Invalid,Invalid
49816,B,X,C_X939tekpartners.com,Valid,Valid
68252,C,Y,A_Y752tekpartners.com,Valid,Valid
30496,A,Z,A_Z249tekpartners.com,Invalid,Invalid
18494,A,X,B_X419tekpartners.com,Valid,Valid
16862,B,Y,C_Y291tekpartners.com,Invalid,Valid
99483,C,Z,A_Z470tekpartners.com,Valid,Invalid
83477,A,X,A_X16tekpartners.com,Valid,Valid
75993,A,Y,B_Y376tekpartners.com,Invalid,Invalid
85771,B,Z,C_Z653tekpartners.com,Valid,Valid
97968,C,X,A_X414tekpartners.com,Valid,Valid
31136,A,Y,A_Y263tekpartners.com,Valid,Invalid
90878,A,Z,B_Z372tekpartners.com,Valid,Valid
30692,B,X,C_X229tekpartners.com,Invalid,Invalid
93914,C,Y,A_Y48tekpartners.com,Valid,Valid
93332,A,Z,A_Z37tekpartners.com,Invalid,Valid
88135,A,X,B_X151tekpartners.com,Invalid,Valid
25817,B,Y,C_Y809tekpartners.com,Invalid,Invalid
92576,C,Z,A_Z191tekpartners.com,Valid,Valid
14605,A,X,A_X196tekpartners.com,Valid,Invalid
86732,A,Y,C_Z770tekpartners.com,Valid,Valid
56389,B,Z,A_X440tekpartners.com,Invalid,Valid
18158,C,X,A_Y743tekpartners.com,Valid,Valid
38638,A,Y,B_Z356tekpartners.com,Valid,Valid
73295,A,Z,C_X578tekpartners.com,Invalid,Invalid
13202,B,X,A_Y796tekpartners.com,Valid,Valid
51756,C,Y,A_Z115tekpartners.com,Valid,Invalid
160,A,Z,B_X181tekpartners.com,Valid,Valid
12760,A,X,C_Y414tekpartners.com,Valid,Invalid
7157,B,Y,A_Z765tekpartners.com,Invalid,Valid
86679,C,Z,A_X770tekpartners.com,Invalid,Valid
48683,A,X,B_Y572tekpartners.com,Valid,Valid
67623,A,Y,C_Z10tekpartners.com,Valid,Valid
8506,B,Z,A_X682tekpartners.com,Invalid,Invalid
20015,C,X,A_Y472tekpartners.com,Invalid,Valid
40046,A,Y,B_Z787tekpartners.com,Invalid,Invalid
39382,A,Z,C_X114tekpartners.com,Invalid,Valid
27514,B,X,A_Y222tekpartners.com,Valid,Valid
13825,C,Y,A_Z221tekpartners.com,Invalid,Invalid
73325,A,Z,B_X910tekpartners.com,Invalid,Invalid
54250,A,X,C_Y64tekpartners.com,Invalid,Valid
49369,B,Y,A_Z422tekpartners.com,Valid,Valid
28420,C,Z,A_X452tekpartners.com,Valid,Invalid
45604,A,X,B_Y828tekpartners.com,Invalid,Invalid
15069,A,Y,C_Z403tekpartners.com,Valid,Valid
52172,B,Z,A_X169tekpartners.com,Valid,Invalid
84456,C,X,A_Y34tekpartners.com,Invalid,Invalid
10950,A,Y,B_Z473tekpartners.com,Valid,Invalid
11797,A,Z,C_X620tekpartners.com,Invalid,Valid
98643,B,X,A_Y754tekpartners.com,Valid,Valid
89616,C,Y,A_Z281tekpartners.com,Invalid,Valid
70781,A,Z,B_X422tekpartners.com,Invalid,Valid
73203,A,X,A_Z942tekpartners.com,Valid,Invalid
25861,B,Y,A_X558tekpartners.com,Valid,Invalid
91789,C,Z,B_Y675tekpartners.com,Invalid,Invalid
19386,A,X,C_Z516tekpartners.com,Invalid,Valid
24297,A,Y,A_X269tekpartners.com,Valid,Invalid
68144,B,Z,A_Y319tekpartners.com,Invalid,Invalid
59028,C,X,B_Z715tekpartners.com,Invalid,Valid
12306,A,Y,C_X579tekpartners.com,Invalid,Invalid
13065,A,Z,A_Y246tekpartners.com,Invalid,Invalid
57818,B,X,B_X83tekpartners.com,Invalid,Valid
12875,C,Y,C_Y898tekpartners.com,Valid,Valid
39471,A,Z,A_Z622tekpartners.com,Valid,Invalid
38207,A,X,A_X852tekpartners.com,Invalid,Invalid
30574,B,Y,B_Y172tekpartners.com,Valid,Invalid
15977,C,Z,C_Z673tekpartners.com,Invalid,Invalid
71525,A,X,A_X612tekpartners.com,Invalid,Invalid
25053,A,Y,A_Y112tekpartners.com,Invalid,Valid
25509,B,Z,B_Z983tekpartners.com,Valid,Valid
49894,C,X,A_Y914tekpartners.com,Valid,Valid
67373,A,Y,A_Z242tekpartners.com,Valid,Invalid
6340,A,Z,B_X616tekpartners.com,Valid,Valid
874,B,X,C_Y971tekpartners.com,Valid,Valid
47621,C,Y,A_Z263tekpartners.com,Valid,Valid
26765,A,Z,A_X760tekpartners.com,Valid,Invalid
23347,A,X,C_Z40tekpartners.com,Valid,Invalid
6730,B,Y,A_X765tekpartners.com,Valid,Invalid
73371,C,Z,A_Y913tekpartners.com,Invalid,Invalid
32884,A,X,B_Z115tekpartners.com,Valid,Invalid
33471,A,Y,C_X18tekpartners.com,Invalid,Valid
8501,B,Z,A_Y379tekpartners.com,Valid,Valid
34290,C,X,A_Z168tekpartners.com,Invalid,Valid
11016,A,Y,B_X934tekpartners.com,Valid,Invalid
55372,A,Z,C_Y350tekpartners.com,Valid,Valid
4798,B,X,A_Z89tekpartners.com,Invalid,Valid
27852,C,Y,A_X259tekpartners.com,Invalid,Invalid
73380,A,Z,B_Y302tekpartners.com,Invalid,Valid
16761,A,X,C_Z286tekpartners.com,Valid,Valid
43239,B,Y,A_X370tekpartners.com,Valid,Valid
93581,C,Z,A_Y621tekpartners.com,Invalid,Invalid
45156,A,X,B_Z229tekpartners.com,Invalid,Invalid
76025,A,Y,C_X201tekpartners.com,Valid,Invalid
74945,B,Z,A_Y718tekpartners.com,Invalid,Invalid
49301,C,X,A_Z58tekpartners.com,Valid,Invalid
23339,A,Y,B_X774tekpartners.com,Valid,Valid
27498,A,Z,C_Y199tekpartners.com,Valid,Invalid
46354,B,X,A_Z758tekpartners.com,Valid,Invalid
23880,C,Y,B_Y306tekpartners.com,Invalid,Valid
39068,A,Z,C_Z611tekpartners.com,Valid,Valid
85362,A,X,A_X210tekpartners.com,Invalid,Invalid
64338,B,Y,A_Y641tekpartners.com,Valid,Invalid
74923,C,Z,B_Z716tekpartners.com,Invalid,Valid
60656,A,X,C_X776tekpartners.com,Valid,Valid
40378,A,Y,A_Y398tekpartners.com,Invalid,Invalid
3903,B,Z,A_Z541tekpartners.com,Valid,Invalid
73729,C,X,B_X161tekpartners.com,Valid,Invalid
75027,A,Y,C_Y650tekpartners.com,Invalid,Invalid
98000,A,Z,A_Z118tekpartners.com,Valid,Invalid
17103,B,X,A_X963tekpartners.com,Invalid,Valid
68050,C,Y,B_Y315tekpartners.com,Valid,Valid
29935,A,Z,C_Z834tekpartners.com,Invalid,Valid
19418,A,X,A_X198tekpartners.com,Invalid,Invalid
26847,B,Y,A_Y108tekpartners.com,Invalid,Valid
82542,C,Z,A_Y407tekpartners.com,Invalid,Valid
80448,A,X,A_Z705tekpartners.com,Invalid,Invalid
51208,A,Y,B_X149tekpartners.com,Invalid,Invalid
56304,B,Z,C_Y708tekpartners.com,Valid,Valid
78546,C,X,A_Z521tekpartners.com,Invalid,Valid
19395,A,Y,B_Y719tekpartners.com,Valid,Valid
77408,A,Z,C_Z475tekpartners.com,Invalid,Valid
54351,B,X,A_X798tekpartners.com,Valid,Invalid
81598,C,Y,B_Z322tekpartners.com,Invalid,Invalid
47392,A,Z,C_X225tekpartners.com,Valid,Valid
3998,A,X,A_Y186tekpartners.com,Invalid,Valid
65225,B,Y,A_Z119tekpartners.com,Invalid,Valid
64943,C,Z,B_X298tekpartners.com,Valid,Invalid
58552,A,X,C_Y368tekpartners.com,Valid,Valid
75362,A,Y,A_Z676tekpartners.com,Valid,Valid
48954,B,Z,B_Y407tekpartners.com,Valid,Invalid
60070,C,X,C_Z850tekpartners.com,Valid,Valid
57705,A,Y,A_X813tekpartners.com,Invalid,Valid
55384,A,Z,A_Y545tekpartners.com,Valid,Valid
17466,B,X,B_Z390tekpartners.com,Invalid,Invalid
88732,C,Y,C_X548tekpartners.com,Invalid,Invalid
24069,A,Z,A_Y9tekpartners.com,Valid,Valid
76924,A,X,A_Z314tekpartners.com,Invalid,Valid
87504,B,Y,B_X532tekpartners.com,Invalid,Invalid
68348,C,Z,C_Y301tekpartners.com,Valid,Invalid
28757,A,X,A_Z752tekpartners.com,Invalid,Invalid
17508,A,Y,A_X667tekpartners.com,Invalid,Invalid
19937,B,Z,B_Y636tekpartners.com,Invalid,Valid
70168,C,X,C_Z401tekpartners.com,Invalid,Invalid
94012,A,Y,A_X246tekpartners.com,Valid,Valid
66885,A,Z,A_Y394tekpartners.com,Invalid,Valid
72304,B,X,B_Z10tekpartners.com,Invalid,Invalid
48500,C,Y,C_X439tekpartners.com,Invalid,Invalid
68337,A,Z,A_Y874tekpartners.com,Invalid,Valid
19547,A,X,A_Z396tekpartners.com,Valid,Valid
26478,B,Y,B_X65tekpartners.com,Invalid,Valid
88938,C,Z,C_Y990tekpartners.com,Valid,Invalid
89536,A,X,A_Z748tekpartners.com,Valid,Valid
4223,A,Y,A_X442tekpartners.com,Valid,Invalid
83507,B,Z,B_Y290tekpartners.com,Invalid,Valid
64365,C,X,C_Z510tekpartners.com,Invalid,Valid
77246,A,Y,A_X21tekpartners.com,Valid,Valid
59953,A,Z,A_Y59tekpartners.com,Invalid,Invalid
3342,B,X,B_Z963tekpartners.com,Valid,Valid
58861,C,Y,C_X400tekpartners.com,Valid,Invalid
86111,A,Z,A_Y827tekpartners.com,Valid,Valid
29866,A,X,B_X222tekpartners.com,Valid,Invalid
9394,B,Y,C_Y929tekpartners.com,Valid,Invalid
30739,C,Z,A_Z668tekpartners.com,Invalid,Valid
2169,A,X,A_X410tekpartners.com,Invalid,Valid
24760,A,Y,B_Y609tekpartners.com,Valid,Valid
63556,B,Z,C_Z683tekpartners.com,Valid,Valid
61914,C,X,A_X927tekpartners.com,Invalid,Invalid
52885,A,Y,A_Y469tekpartners.com,Invalid,Valid
45459,A,Z,B_Z564tekpartners.com,Valid,Valid
44164,B,X,C_X815tekpartners.com,Valid,Invalid
61578,C,Y,A_Y689tekpartners.com,Valid,Valid
8218,A,Z,A_Z246tekpartners.com,Valid,Valid
92442,A,X,B_X225tekpartners.com,Valid,Invalid
72196,B,Y,C_Y719tekpartners.com,Valid,Valid
30273,C,Z,A_Z280tekpartners.com,Valid,Invalid
34081,A,X,A_X12tekpartners.com,Valid,Valid
85041,A,Y,B_Y982tekpartners.com,Invalid,Invalid
85711,B,Z,C_Z35tekpartners.com,Invalid,Invalid
51308,C,X,A_X91tekpartners.com,Valid,Valid
22587,A,Y,A_Y905tekpartners.com,Valid,Valid
36765,A,Z,B_Z666tekpartners.com,Valid,Invalid
21272,B,X,C_X145tekpartners.com,Invalid,Invalid
72949,C,Y,A_Z826tekpartners.com,Valid,Valid
70638,A,Z,B_X310tekpartners.com,Invalid,Valid
14026,A,X,C_Y881tekpartners.com,Invalid,Invalid
42403,B,Y,A_X738tekpartners.com,Valid,Invalid
48197,C,Z,C_Z43tekpartners.com,Valid,Valid
91299,A,X,A_Y692tekpartners.com,Invalid,Invalid
43362,A,Y,B_Z85tekpartners.com,Invalid,Valid
75695,B,Z,C_X455tekpartners.com,Invalid,Valid
38050,C,X,A_Y129tekpartners.com,Valid,Valid
85384,A,Y,A_Z357tekpartners.com,Invalid,Valid
14206,A,Z,B_X851tekpartners.com,Valid,Valid
75249,B,X,C_Y499tekpartners.com,Invalid,Valid
51997,C,Y,A_Z430tekpartners.com,Valid,Invalid
17259,A,Z,A_X567tekpartners.com,Invalid,Invalid
92298,A,X,B_Y285tekpartners.com,Invalid,Valid
645,B,Y,C_Z162tekpartners.com,Invalid,Invalid
48533,C,Z,A_X460tekpartners.com,Invalid,Valid
29314,A,X,B_Z63tekpartners.com,Valid,Invalid
60954,A,Y,C_X908tekpartners.com,Valid,Invalid
18955,B,Z,A_Y365tekpartners.com,Invalid,Invalid
86139,C,X,A_Z876tekpartners.com,Invalid,Invalid
42933,A,Y,B_X398tekpartners.com,Invalid,Invalid
34508,A,Z,C_Y237tekpartners.com,Invalid,Valid
88356,B,X,A_Z305tekpartners.com,Valid,Valid
54289,C,Y,A_X912tekpartners.com,Invalid,Valid
18559,A,Z,B_Y369tekpartners.com,Invalid,Invalid
6042,A,X,C_Z222tekpartners.com,Invalid,Valid
79334,B,Y,A_Y415tekpartners.com,Valid,Invalid
13739,C,Z,B_Z474tekpartners.com,Valid,Valid
16229,A,X,C_X197tekpartners.com,Valid,Valid
38911,A,Y,A_Y635tekpartners.com,Valid,Valid
73874,B,Z,A_Z311tekpartners.com,Valid,Valid
60743,C,X,B_X81tekpartners.com,Valid,Valid
48918,A,Y,C_Y215tekpartners.com,Invalid,Valid
21408,A,Z,A_Z614tekpartners.com,Invalid,Invalid
11919,B,X,B_Y252tekpartners.com,Valid,Invalid
46807,C,Y,C_Z935tekpartners.com,Invalid,Valid
82343,A,Z,A_X222tekpartners.com,Valid,Invalid
25793,A,X,B_Z393tekpartners.com,Valid,Invalid
17154,B,Y,C_X845tekpartners.com,Invalid,Valid
35337,C,Z,A_Y329tekpartners.com,Invalid,Valid
51100,A,X,B_X425tekpartners.com,Invalid,Invalid
54930,A,Y,C_Y155tekpartners.com,Valid,Valid
6348,B,Z,A_Z19tekpartners.com,Invalid,Invalid
99115,C,X,A_X984tekpartners.com,Valid,Valid
15801,A,Y,B_Y318tekpartners.com,Valid,Invalid
77204,A,Z,C_Z721tekpartners.com,Valid,Valid
22863,B,X,A_Y459tekpartners.com,Valid,Valid
39410,C,Y,B_Z773tekpartners.com,Invalid,Valid
83552,A,Z,C_X161tekpartners.com,Invalid,Invalid
39377,A,X,A_Y968tekpartners.com,Valid,Valid
46620,B,Y,A_Z2tekpartners.com,Invalid,Invalid
46097,C,Z,B_X839tekpartners.com,Invalid,Valid
94828,A,X,C_Y113tekpartners.com,Invalid,Invalid
9343,A,Y,A_Z159tekpartners.com,Invalid,Invalid
57287,B,Z,A_X457tekpartners.com,Invalid,Invalid
91896,C,X,B_Y685tekpartners.com,Valid,Invalid
57671,A,Y,C_Z500tekpartners.com,Invalid,Invalid
37482,A,Z,A_X240tekpartners.com,Invalid,Invalid
9900,B,X,A_Y764tekpartners.com,Valid,Invalid
93053,C,Y,B_Z788tekpartners.com,Valid,Valid
14050,A,Z,C_X98tekpartners.com,Invalid,Valid
26187,A,X,A_Y106tekpartners.com,Invalid,Invalid
84653,B,Y,A_Z857tekpartners.com,Invalid,Invalid
55558,C,Z,C_Y221tekpartners.com,Invalid,Valid
55380,A,X,A_X824tekpartners.com,Valid,Invalid
88387,A,Y,B_Y788tekpartners.com,Invalid,Invalid
56586,B,Z,A_X787tekpartners.com,Valid,Invalid
7104,C,X,A_Y937tekpartners.com,Invalid,Valid
17857,A,Y,B_Z508tekpartners.com,Invalid,Valid
53711,A,Z,C_X174tekpartners.com,Invalid,Invalid
76174,B,X,A_Y411tekpartners.com,Valid,Valid
84947,C,Y,A_Z706tekpartners.com,Invalid,Invalid
82676,A,Z,B_X172tekpartners.com,Invalid,Invalid
62281,A,X,C_Y497tekpartners.com,Invalid,Valid
4362,B,Y,A_Z929tekpartners.com,Invalid,Valid
61585,C,Z,A_X495tekpartners.com,Valid,Valid
29718,A,X,B_Y633tekpartners.com,Invalid,Invalid
30383,A,Y,C_Z747tekpartners.com,Invalid,Valid
36296,B,Z,A_Y168tekpartners.com,Valid,Valid
11464,C,X,B_Z703tekpartners.com,Valid,Valid
41250,A,Y,C_X631tekpartners.com,Invalid,Invalid
56314,A,Z,A_Y377tekpartners.com,Valid,Invalid
66718,B,X,A_Z108tekpartners.com,Valid,Invalid
19969,C,Y,B_X363tekpartners.com,Invalid,Invalid
97083,A,Z,C_Y878tekpartners.com,Invalid,Invalid
70627,A,X,A_Z239tekpartners.com,Valid,Valid
64389,B,Y,A_X604tekpartners.com,Invalid,Invalid
23597,C,Z,B_Y194tekpartners.com,Valid,Valid
39938,A,X,A_Y814tekpartners.com,Invalid,Invalid
69859,A,Y,B_Z541tekpartners.com,Valid,Invalid
51882,B,Z,C_X897tekpartners.com,Valid,Invalid
26522,C,X,A_Y206tekpartners.com,Invalid,Valid
1685,A,Y,B_X339tekpartners.com,Invalid,Invalid
50013,A,Z,C_Y107tekpartners.com,Invalid,Invalid
8368,B,X,A_Z932tekpartners.com,Invalid,Invalid
99198,C,Y,A_X949tekpartners.com,Invalid,Valid
43222,A,Z,B_Y234tekpartners.com,Valid,Valid
776,A,X,C_Z992tekpartners.com,Invalid,Invalid
9802,B,Y,A_X304tekpartners.com,Invalid,Invalid
49997,C,Z,A_Y232tekpartners.com,Valid,Valid
60722,A,X,B_Z87tekpartners.com,Invalid,Invalid
45951,A,Y,C_X392tekpartners.com,Invalid,Invalid
89780,B,Z,A_Z767tekpartners.com,Invalid,Invalid
304,C,X,B_X896tekpartners.com,Invalid,Invalid
28542,A,Y,C_Y986tekpartners.com,Invalid,Valid
47086,A,Z,A_Z930tekpartners.com,Valid,Valid
7067,B,X,A_X608tekpartners.com,Valid,Invalid
3219,C,Y,B_Y842tekpartners.com,Valid,Invalid
94913,A,Z,C_Z239tekpartners.com,Invalid,Valid
1285,A,X,A_X625tekpartners.com,Invalid,Invalid
24109,B,Y,A_Y260tekpartners.com,Valid,Invalid
78035,C,Z,B_Z945tekpartners.com,Valid,Valid
88373,A,X,C_X922tekpartners.com,Valid,Valid
3663,A,Y,A_Y386tekpartners.com,Invalid,Valid
71872,B,Z,A_Z723tekpartners.com,Valid,Valid
88843,C,X,B_X381tekpartners.com,Invalid,Invalid
54804,A,Y,C_Y151tekpartners.com,Valid,Valid
6748,A,Z,A_Z419tekpartners.com,Invalid,Invalid
81383,B,X,B_Y506tekpartners.com,Invalid,Valid
14598,C,Y,C_Z788tekpartners.com,Invalid,Valid
90551,A,Z,A_X18tekpartners.com,Invalid,Invalid
77926,A,X,A_Y701tekpartners.com,Invalid,Invalid
16273,B,Y,B_Z69tekpartners.com,Valid,Invalid
75766,C,Z,C_X986tekpartners.com,Invalid,Valid
76578,A,X,A_Y790tekpartners.com,Valid,Valid
30732,A,Y,A_Z160tekpartners.com,Invalid,Invalid
33875,B,Z,B_X348tekpartners.com,Invalid,Invalid
52667,C,X,C_Y234tekpartners.com,Valid,Invalid
73555,A,Y,A_Z99tekpartners.com,Invalid,Invalid
90383,A,Z,A_X28tekpartners.com,Valid,Valid
98312,B,X,B_Y965tekpartners.com,Valid,Invalid
47406,C,Y,C_Z440tekpartners.com,Invalid,Invalid
98264,A,Z,A_X843tekpartners.com,Valid,Valid
48663,A,X,A_Y990tekpartners.com,Invalid,Invalid
43072,B,Y,B_Z228tekpartners.com,Valid,Valid
35255,C,Z,C_X85tekpartners.com,Invalid,Valid
38628,A,X,A_Y702tekpartners.com,Invalid,Invalid
10506,A,Y,A_Z915tekpartners.com,Invalid,Invalid
94754,B,Z,B_X534tekpartners.com,Valid,Invalid
43632,C,X,C_Y757tekpartners.com,Invalid,Invalid
79526,A,Y,A_Z95tekpartners.com,Invalid,Invalid
17300,A,Z,A_X743tekpartners.com,Valid,Valid
7137,B,X,B_Y453tekpartners.com,Invalid,Valid
12312,C,Y,C_Z231tekpartners.com,Invalid,Invalid
13723,A,Z,A_X445tekpartners.com,Valid,Valid
13995,A,X,A_Y667tekpartners.com,Valid,Valid
24868,B,Y,C_X763tekpartners.com,Valid,Valid
91532,C,Z,A_Y997tekpartners.com,Invalid,Valid
32486,A,X,A_Z86tekpartners.com,Valid,Invalid
14958,A,Y,B_X116tekpartners.com,Invalid,Invalid
5108,B,Z,C_Y767tekpartners.com,Invalid,Invalid
65157,C,X,A_Z268tekpartners.com,Invalid,Valid
90361,A,Y,A_X397tekpartners.com,Invalid,Invalid
12268,A,Z,B_Y399tekpartners.com,Invalid,Valid
67133,B,X,C_Z532tekpartners.com,Valid,Valid
15520,C,Y,A_X701tekpartners.com,Valid,Valid
43299,A,Z,A_Y485tekpartners.com,Valid,Invalid
74162,A,X,B_Z148tekpartners.com,Valid,Valid
55950,B,Y,A_Y877tekpartners.com,Invalid,Valid
12036,C,Z,B_X313tekpartners.com,Invalid,Valid
38912,A,X,C_Y668tekpartners.com,Invalid,Valid
50667,A,Y,B_Y360tekpartners.com,Invalid,Valid
3324,B,Z,C_Z45tekpartners.com,Invalid,Valid
48154,C,X,A_X424tekpartners.com,Valid,Valid
65443,A,Y,B_Z479tekpartners.com,Invalid,Invalid
39948,A,Z,C_X268tekpartners.com,Invalid,Invalid
7382,B,X,A_Y371tekpartners.com,Invalid,Valid
65120,C,Y,A_Z875tekpartners.com,Invalid,Valid
91867,A,Z,B_X131tekpartners.com,Invalid,Valid
55053,A,X,C_Y748tekpartners.com,Invalid,Valid
69906,B,Y,A_Z238tekpartners.com,Invalid,Invalid
2184,C,Z,B_Y956tekpartners.com,Valid,Valid
74418,A,X,C_Z102tekpartners.com,Valid,Valid
10892,A,Y,A_X543tekpartners.com,Valid,Valid
94681,B,Z,A_Y358tekpartners.com,Invalid,Invalid
82075,C,X,B_Z883tekpartners.com,Valid,Invalid
572,A,Y,C_X682tekpartners.com,Valid,Invalid
86234,A,Z,A_Y29tekpartners.com,Invalid,Invalid
28366,B,X,A_Z982tekpartners.com,Invalid,Invalid
2535,C,Y,B_X654tekpartners.com,Valid,Invalid
10815,A,Z,C_Y320tekpartners.com,Valid,Valid
28013,A,X,A_Z307tekpartners.com,Valid,Invalid
23058,B,Y,A_X122tekpartners.com,Valid,Valid
58355,C,Z,B_Y877tekpartners.com,Invalid,Valid
98940,A,X,C_Z527tekpartners.com,Valid,Invalid
40474,A,Y,A_X248tekpartners.com,Valid,Valid
69096,B,Z,A_Y882tekpartners.com,Invalid,Invalid
19381,C,X,B_Z644tekpartners.com,Invalid,Valid
26711,A,Y,C_X989tekpartners.com,Valid,Invalid
99996,A,Z,A_Y318tekpartners.com,Invalid,Invalid
27497,B,X,A_Z7tekpartners.com,Valid,Invalid
1397,C,Y,B_X459tekpartners.com,Invalid,Invalid
28570,A,Z,C_Y722tekpartners.com,Valid,Valid
78329,A,X,A_Z366tekpartners.com,Invalid,Valid
4929,B,Y,A_X294tekpartners.com,Valid,Invalid
23143,C,Z,B_Y677tekpartners.com,Invalid,Invalid
43585,A,X,C_Z200tekpartners.com,Valid,Invalid
92289,A,Y,A_Y945tekpartners.com,Invalid,Valid
38790,B,Z,B_Z13tekpartners.com,Valid,Valid
77781,C,X,C_X194tekpartners.com,Valid,Valid
95218,A,Y,A_Y747tekpartners.com,Valid,Invalid
66565,A,Z,A_Z385tekpartners.com,Invalid,Invalid
58329,B,X,B_X652tekpartners.com,Valid,Valid
33332,C,Y,C_Y379tekpartners.com,Invalid,Invalid
25530,A,Z,A_Z610tekpartners.com,Valid,Valid
96762,A,X,A_X383tekpartners.com,Invalid,Valid
25313,B,Y,B_Y76tekpartners.com,Valid,Valid
86705,C,Z,C_Z66tekpartners.com,Invalid,Valid
57798,A,X,A_X600tekpartners.com,Invalid,Invalid
9796,A,Y,B_Z286tekpartners.com,Invalid,Invalid
38897,B,Z,C_X379tekpartners.com,Invalid,Invalid
4227,C,X,A_Y378tekpartners.com,Valid,Valid
42828,A,Y,B_X690tekpartners.com,Invalid,Invalid
59150,A,Z,C_Y516tekpartners.com,Valid,Valid
99082,B,X,A_Z643tekpartners.com,Valid,Invalid
6706,C,Y,A_X235tekpartners.com,Valid,Valid
4719,A,Z,B_Y492tekpartners.com,Valid,Valid
18901,A,X,C_Z952tekpartners.com,Invalid,Invalid
82504,B,Y,A_X462tekpartners.com,Valid,Valid
85217,C,Z,A_Y312tekpartners.com,Valid,Invalid
91129,A,X,B_Z835tekpartners.com,Valid,Invalid
72299,A,Y,C_X1000tekpartners.com,Valid,Invalid
7315,B,Z,A_Y644tekpartners.com,Valid,Invalid
75892,C,X,A_Z880tekpartners.com,Valid,Valid
13424,A,Y,B_X559tekpartners.com,Valid,Valid
2254,A,Z,C_Y57tekpartners.com,Valid,Valid
1158,B,X,A_X538tekpartners.com,Invalid,Invalid
68214,C,Y,B_Y254tekpartners.com,Valid,Invalid
46364,A,Z,C_Z735tekpartners.com,Valid,Valid
56051,A,X,A_X381tekpartners.com,Invalid,Valid
87153,B,Y,A_Y148tekpartners.com,Valid,Invalid
80493,C,Z,B_Z656tekpartners.com,Valid,Valid
86059,A,X,C_X460tekpartners.com,Valid,Invalid
49469,A,Y,A_Y178tekpartners.com,Invalid,Valid
29478,B,Z,B_X838tekpartners.com,Invalid,Valid
1796,C,X,C_Y795tekpartners.com,Invalid,Valid
42907,A,Y,A_Z686tekpartners.com,Valid,Invalid
60443,A,Z,A_X523tekpartners.com,Valid,Invalid
85018,B,X,B_Y277tekpartners.com,Invalid,Invalid
52389,C,Y,C_Z232tekpartners.com,Valid,Valid
81579,A,Z,A_X652tekpartners.com,Valid,Invalid
30269,A,X,A_Y603tekpartners.com,Valid,Valid
80455,B,Y,B_Z772tekpartners.com,Invalid,Invalid
97440,C,Z,C_X564tekpartners.com,Invalid,Invalid
66610,A,X,A_Y243tekpartners.com,Valid,Invalid
15565,A,Y,B_X127tekpartners.com,Invalid,Valid
10647,B,Z,C_Y664tekpartners.com,Valid,Invalid
52044,C,X,A_Z104tekpartners.com,Valid,Valid
57333,A,Y,A_X332tekpartners.com,Invalid,Invalid
40291,A,Z,B_Y924tekpartners.com,Invalid,Valid
90283,B,X,C_Z506tekpartners.com,Invalid,Invalid
73608,C,Y,A_X468tekpartners.com,Invalid,Invalid
93444,A,Z,A_Y191tekpartners.com,Valid,Invalid
73560,A,X,B_Z698tekpartners.com,Invalid,Valid
42467,B,Y,A_Y40tekpartners.com,Valid,Invalid
17755,C,Z,A_Z762tekpartners.com,Invalid,Valid
95343,A,X,A_X387tekpartners.com,Invalid,Valid
39624,A,Y,B_Y389tekpartners.com,Valid,Valid
39792,B,Z,C_Z583tekpartners.com,Valid,Valid
86710,C,X,A_X864tekpartners.com,Invalid,Invalid
79457,A,Y,A_Y942tekpartners.com,Invalid,Valid
37960,A,Z,C_X94tekpartners.com,Invalid,Valid
40394,B,X,A_Y547tekpartners.com,Invalid,Valid
70358,C,Y,A_Z375tekpartners.com,Valid,Invalid
89820,A,Z,C_Y533tekpartners.com,Valid,Valid
8583,A,X,A_Z414tekpartners.com,Invalid,Valid
75253,B,Y,A_X441tekpartners.com,Invalid,Invalid
41900,C,Z,B_Y71tekpartners.com,Valid,Valid
12247,A,X,C_Z592tekpartners.com,Invalid,Invalid
40944,A,Y,A_X268tekpartners.com,Invalid,Invalid
43208,B,Z,A_Y830tekpartners.com,Invalid,Valid
63636,C,X,B_Z416tekpartners.com,Valid,Valid
49198,A,Y,C_X464tekpartners.com,Valid,Invalid
73697,A,Z,A_Y72tekpartners.com,Valid,Invalid
88242,B,X,A_Z992tekpartners.com,Invalid,Valid
52080,C,Y,B_X828tekpartners.com,Invalid,Invalid
11233,A,Z,C_Y133tekpartners.com,Invalid,Valid
50138,A,X,A_Z231tekpartners.com,Valid,Valid
46132,B,Y,B_Y985tekpartners.com,Valid,Invalid
63888,C,Z,C_Z366tekpartners.com,Valid,Invalid
4381,A,X,A_X74tekpartners.com,Invalid,Valid
20082,A,Y,B_Z42tekpartners.com,Valid,Valid
81300,B,Z,C_X150tekpartners.com,Valid,Valid
718,C,X,A_Y252tekpartners.com,Valid,Invalid
67172,A,Y,A_Z347tekpartners.com,Invalid,Valid
77414,A,Z,B_X167tekpartners.com,Valid,Valid
56585,B,X,C_Y982tekpartners.com,Invalid,Valid
86285,C,Y,A_Z152tekpartners.com,Valid,Invalid
60478,A,Z,A_X224tekpartners.com,Invalid,Invalid
27125,A,X,B_Y670tekpartners.com,Invalid,Valid
16418,B,Y,C_Z331tekpartners.com,Valid,Valid
77601,C,Z,A_X782tekpartners.com,Valid,Invalid
42101,A,X,A_Y932tekpartners.com,Invalid,Valid
1894,A,Y,B_Z560tekpartners.com,Valid,Valid
8290,B,Z,C_X412tekpartners.com,Valid,Valid
30477,C,X,A_Y555tekpartners.com,Valid,Invalid
15843,A,Y,A_Z435tekpartners.com,Invalid,Valid
89819,A,Z,B_X359tekpartners.com,Invalid,Invalid
93320,B,X,C_Y227tekpartners.com,Invalid,Valid
37915,C,Y,A_Z630tekpartners.com,Valid,Invalid
64054,A,Z,B_Y416tekpartners.com,Valid,Valid
47112,A,X,C_Z257tekpartners.com,Invalid,Invalid
13605,B,Y,A_X191tekpartners.com,Invalid,Valid
3737,C,Z,A_Y452tekpartners.com,Valid,Valid
65317,A,X,B_Z682tekpartners.com,Invalid,Valid
32063,A,Y,A_X661tekpartners.com,Valid,Valid
38997,B,Z,C_Z538tekpartners.com,Valid,Valid
77643,C,X,A_Y989tekpartners.com,Valid,Valid
95160,A,Y,B_Z697tekpartners.com,Invalid,Invalid
82069,A,Z,C_X394tekpartners.com,Valid,Valid
27841,A,X,A_Y205tekpartners.com,Valid,Invalid
12383,B,Y,A_Z433tekpartners.com,Invalid,Valid
57744,C,Z,B_X205tekpartners.com,Valid,Invalid
91415,A,X,C_Y270tekpartners.com,Valid,Valid
31384,A,Y,A_Z459tekpartners.com,Valid,Valid
8306,B,Z,A_X835tekpartners.com,Invalid,Invalid
21624,C,X,B_Y6tekpartners.com,Invalid,Invalid
39291,A,Y,C_Z443tekpartners.com,Valid,Invalid
57396,A,Z,A_X192tekpartners.com,Invalid,Invalid
55326,B,X,A_Y970tekpartners.com,Invalid,Invalid
31954,C,Y,B_Z435tekpartners.com,Invalid,Valid
